"sid"	"file"
"ACATCGGTGGTTCAGTGGTAGAATGCTCGCCT 5'-tiRNA-Gly-GCC"	"activity_ACATCGGTGGTTCAGTGGTAGAATGCTCGCCT_5_tiRNA_Gly_GCC.html"
"ACCACTGACCGAGCATATC sme-miR-190a-3p"	"activity_ACCACTGACCGAGCATATC_sme_miR_190a_3p.html"
"ACCACTGACCGAGCATATCC sme-miR-190a-3p"	"activity_ACCACTGACCGAGCATATCC_sme_miR_190a_3p.html"
"ACTCTGACTCTGATAACCCG i-tRF-Gln-CTG"	"activity_ACTCTGACTCTGATAACCCG_i_tRF_Gln_CTG.html"
"AGCATCGGTGGTTCAGTGGTAGAATGCTCGCCT 5'-tiRNA-Gly-GCC"	"activity_AGCATCGGTGGTTCAGTGGTAGAATGCTCGCCT_5_tiRNA_Gly_GCC.html"
"AGGCGCGTAGCTCAGTTGGTTAGAGCACC 5'-tRF-Val-GAC"	"activity_AGGCGCGTAGCTCAGTTGGTTAGAGCACC_5_tRF_Val_GAC.html"
"AGGGGTATAGCTCAATTGGCAGAGCGTCGGTCTCC 5'-tiRNA-Trp-CCA"	"activity_AGGGGTATAGCTCAATTGGCAGAGCGTCGGTCTCC_5_tiRNA_Trp_CCA.html"
"AGGTAGGCATAGTCTGTTGGTTACTTCTATGAAA sme-mir-2153_precursor"	"activity_AGGTAGGCATAGTCTGTTGGTTACTTCTATGAAA_sme_mir_2153_precursor.html"
"AGTGGTAGAATGCTCGCCT i-tRF-Gly-GCC"	"activity_AGTGGTAGAATGCTCGCCT_i_tRF_Gly_GCC.html"
"ATCCTGGTCACGGCACCA 3'-tRF-His-GTC"	"activity_ATCCTGGTCACGGCACCA_3_tRF_His_GTC.html"
"ATCGGTGGTTCAGTGGTAGAATGCT 5'-tRF-Gly-GCC"	"activity_ATCGGTGGTTCAGTGGTAGAATGCT_5_tRF_Gly_GCC.html"
"ATCGGTGGTTCAGTGGTAGAATGCTCGCCA 5'-tiRNA-Gly-GCC"	"activity_ATCGGTGGTTCAGTGGTAGAATGCTCGCCA_5_tiRNA_Gly_GCC.html"
"ATCGGTGGTTCAGTGGTAGAATGCTCGCCT 5'-tiRNA-Gly-GCC"	"activity_ATCGGTGGTTCAGTGGTAGAATGCTCGCCT_5_tiRNA_Gly_GCC.html"
"CACATGACATGTATACTCTACAAACGCAC piRNA"	"activity_CACATGACATGTATACTCTACAAACGCAC_piRNA.html"
"CAGTGGTAGAATGCTCGCCT i-tRF-Gly-GCC"	"activity_CAGTGGTAGAATGCTCGCCT_i_tRF_Gly_GCC.html"
"CAGTGGTAGAATGCTCGCCT tRNA-GLY-GCC"	"activity_CAGTGGTAGAATGCTCGCCT_tRNA_GLY_GCC.html"
"CATCGGTGGTTCAGTGGTAGAATGCTCGCCT 5'-tiRNA-Gly-GCC"	"activity_CATCGGTGGTTCAGTGGTAGAATGCTCGCCT_5_tiRNA_Gly_GCC.html"
"CATCGGTGGTTCAGTGGTAGAATGCTCGCCT tRNA-GLY-GCC"	"activity_CATCGGTGGTTCAGTGGTAGAATGCTCGCCT_tRNA_GLY_GCC.html"
"CCATCGGTGGTTCAGTGGTAGAATGCTCGCCT 5'-tiRNA-Gly-GCC"	"activity_CCATCGGTGGTTCAGTGGTAGAATGCTCGCCT_5_tiRNA_Gly_GCC.html"
"CCCACCGCTGCCACCA 3'-tRF-Leu-AAG"	"activity_CCCACCGCTGCCACCA_3_tRF_Leu_AAG.html"
"CCCACTTCTGACACCA 3'-tRF-Leu-CAA"	"activity_CCCACTTCTGACACCA_3_tRF_Leu_CAA.html"
"CCGGCCGATGCACCA 3'-tRF-Gly-GCC"	"activity_CCGGCCGATGCACCA_3_tRF_Gly_GCC.html"
"CCGGTTCGCGGCACCA 3'-tRF-Leu-TAA"	"activity_CCGGTTCGCGGCACCA_3_tRF_Leu_TAA.html"
"CCTGCTCGTGACGCCA 3'-tRF-Leu-CAG"	"activity_CCTGCTCGTGACGCCA_3_tRF_Leu_CAG.html"
"CGCGGGGTGGAGCAGTCTGGCAGCTCGTCG 5'-tRF-Met-CAT"	"activity_CGCGGGGTGGAGCAGTCTGGCAGCTCGTCG_5_tRF_Met_CAT.html"
"CGGGTTCGACTCCCGGCAATCGCACCA 3'-tRF-Gly-CCC"	"activity_CGGGTTCGACTCCCGGCAATCGCACCA_3_tRF_Gly_CCC.html"
"CTTACGGTCGTGGAAGTTCGAGTCTTCTTCTGGGCACCA 3'-tRF-Leu-CAG"	"activity_CTTACGGTCGTGGAAGTTCGAGTCTTCTTCTGGGCACCA_3_tRF_Leu_CAG.html"
"GACACGCCAGCTTCAGGTGCTGGTGACCTTACGGTCGTGGAAGTTCGAGTCTTCTTCTGGGCACCA 3'-tiRNA-Leu-CAG"	"activity_GACACGCCAGCTTCAGGTGCTGGTGACCTTACGGTCGTGGAAGTTCGAGTCTTCTTCTGGGCACCA_3_tiRNA_Leu_CAG.html"
"GACTCCATCGTCTAGAGGCCTAGGACATCACCCT 5'-tiRNA-Glu-TTC"	"activity_GACTCCATCGTCTAGAGGCCTAGGACATCACCCT_5_tiRNA_Glu_TTC.html"
"GCAACGGTGGTTCAGTGGTAGAATGCTCGCCT 5'-tiRNA-Gly-GCC"	"activity_GCAACGGTGGTTCAGTGGTAGAATGCTCGCCT_5_tiRNA_Gly_GCC.html"
"GCACCGGTGGTTCAGTGGTAGAATGCTCGCCT 5'-tiRNA-Gly-GCC"	"activity_GCACCGGTGGTTCAGTGGTAGAATGCTCGCCT_5_tiRNA_Gly_GCC.html"
"GCAGCGGTAGTTCAGTCGGTTAGAATAC 5'-tRF-Asp-GTC"	"activity_GCAGCGGTAGTTCAGTCGGTTAGAATAC_5_tRF_Asp_GTC.html"
"GCATAGGTGGTTCAGTGGTAGAATGCTCGCCT 5'-tiRNA-Gly-GCC"	"activity_GCATAGGTGGTTCAGTGGTAGAATGCTCGCCT_5_tiRNA_Gly_GCC.html"
"GCATCAGTGGTTCAGTGGTAGAATGCTCGCCT 5'-tiRNA-Gly-GCC"	"activity_GCATCAGTGGTTCAGTGGTAGAATGCTCGCCT_5_tiRNA_Gly_GCC.html"
"GCATCCGTGGTTCAGTGGTAGAATGCTCGCCT 5'-tiRNA-Gly-GCC"	"activity_GCATCCGTGGTTCAGTGGTAGAATGCTCGCCT_5_tiRNA_Gly_GCC.html"
"GCATCGGTAGTTCAGTGGTAGAATGCTCGCCT 5'-tiRNA-Gly-GCC"	"activity_GCATCGGTAGTTCAGTGGTAGAATGCTCGCCT_5_tiRNA_Gly_GCC.html"
"GCATCGGTGGTTCAGAGGTAGAATGCTCGCCT 5'-tiRNA-Gly-GCC"	"activity_GCATCGGTGGTTCAGAGGTAGAATGCTCGCCT_5_tiRNA_Gly_GCC.html"
"GCATCGGTGGTTCAGCGGTAGAATGCTCGCCT 5'-tiRNA-Gly-GCC"	"activity_GCATCGGTGGTTCAGCGGTAGAATGCTCGCCT_5_tiRNA_Gly_GCC.html"
"GCATCGGTGGTTCAGTGATAGAATGCTCGCCT 5'-tiRNA-Gly-GCC"	"activity_GCATCGGTGGTTCAGTGATAGAATGCTCGCCT_5_tiRNA_Gly_GCC.html"
"GCATCGGTGGTTCAGTGGTAAAATGCTCGCCT 5'-tiRNA-Gly-GCC"	"activity_GCATCGGTGGTTCAGTGGTAAAATGCTCGCCT_5_tiRNA_Gly_GCC.html"
"GCATCGGTGGTTCAGTGGTAGAA 5'-tRF-Gly-GCC"	"activity_GCATCGGTGGTTCAGTGGTAGAA_5_tRF_Gly_GCC.html"
"GCATCGGTGGTTCAGTGGTAGAACGCTCGCCT 5'-tiRNA-Gly-GCC"	"activity_GCATCGGTGGTTCAGTGGTAGAACGCTCGCCT_5_tiRNA_Gly_GCC.html"
"GCATCGGTGGTTCAGTGGTAGAATACTCGCCT 5'-tiRNA-Gly-GCC"	"activity_GCATCGGTGGTTCAGTGGTAGAATACTCGCCT_5_tiRNA_Gly_GCC.html"
"GCATCGGTGGTTCAGTGGTAGAATGATCGCCT 5'-tiRNA-Gly-GCC"	"activity_GCATCGGTGGTTCAGTGGTAGAATGATCGCCT_5_tiRNA_Gly_GCC.html"
"GCATCGGTGGTTCAGTGGTAGAATGCACGCCT 5'-tiRNA-Gly-GCC"	"activity_GCATCGGTGGTTCAGTGGTAGAATGCACGCCT_5_tiRNA_Gly_GCC.html"
"GCATCGGTGGTTCAGTGGTAGAATGCT 5'-tRF-Gly-GCC"	"activity_GCATCGGTGGTTCAGTGGTAGAATGCT_5_tRF_Gly_GCC.html"
"GCATCGGTGGTTCAGTGGTAGAATGCTCGCCC 5'-tiRNA-Gly-GCC"	"activity_GCATCGGTGGTTCAGTGGTAGAATGCTCGCCC_5_tiRNA_Gly_GCC.html"
"GCATCGGTGGTTCAGTGGTAGAATGCTCGCCT 5'-tiRNA-Gly-GCC"	"activity_GCATCGGTGGTTCAGTGGTAGAATGCTCGCCT_5_tiRNA_Gly_GCC.html"
"GCATCGGTGGTTCAGTGGTAGAATGCTCGCCTT 5'-tiRNA-Gly-GCC"	"activity_GCATCGGTGGTTCAGTGGTAGAATGCTCGCCTT_5_tiRNA_Gly_GCC.html"
"GCATCGGTGGTTCAGTGGTAGAATGCTCGCTT 5'-tiRNA-Gly-GCC"	"activity_GCATCGGTGGTTCAGTGGTAGAATGCTCGCTT_5_tiRNA_Gly_GCC.html"
"GCATCGGTGGTTCAGTGGTAGAATGCTTGCCT 5'-tiRNA-Gly-GCC"	"activity_GCATCGGTGGTTCAGTGGTAGAATGCTTGCCT_5_tiRNA_Gly_GCC.html"
"GCATCGGTGGTTCAGTGGTAGGATGCTCGCCT tRNA-GLY-GCC"	"activity_GCATCGGTGGTTCAGTGGTAGGATGCTCGCCT_tRNA_GLY_GCC.html"
"GCATCGGTGTTTCAGTGGTAGAATGCTCGCCT 5'-tiRNA-Gly-GCC"	"activity_GCATCGGTGTTTCAGTGGTAGAATGCTCGCCT_5_tiRNA_Gly_GCC.html"
"GCATCNGTGGTTCAGTGGTAGAATGCTCGCCT 5'-tiRNA-Gly-GCC"	"activity_GCATCNGTGGTTCAGTGGTAGAATGCTCGCCT_5_tiRNA_Gly_GCC.html"
"GCCCGGATAGCTCAGTCGGTAGAGCATCAGACTTT 5'-tiRNA-Lys-TTT"	"activity_GCCCGGATAGCTCAGTCGGTAGAGCATCAGACTTT_5_tiRNA_Lys_TTT.html"
"GCGATTGTAGTGTAACGGTCAGCATGGATGCCT 5'-tiRNA-Gly-TCC"	"activity_GCGATTGTAGTGTAACGGTCAGCATGGATGCCT_5_tiRNA_Gly_TCC.html"
"GCGATTGTGGTGTAACGGTCAGCATGGATGCCA 5'-tiRNA-Gly-TCC"	"activity_GCGATTGTGGTGTAACGGTCAGCATGGATGCCA_5_tiRNA_Gly_TCC.html"
"GCGATTGTGGTGTAACGGTCAGCATGGATGCCT 5'-tiRNA-Gly-TCC"	"activity_GCGATTGTGGTGTAACGGTCAGCATGGATGCCT_5_tiRNA_Gly_TCC.html"
"GCGGCTGTAGCTCAGTTGGATAGAGTACTTGGC 5'-tiRNA-Arg-ACG"	"activity_GCGGCTGTAGCTCAGTTGGATAGAGTACTTGGC_5_tiRNA_Arg_ACG.html"
"GGAGAGATGCCGGAGTGGCCGAACGGGACGGATTCGAAATCCGTTGTACTG 5'-tiRNA-Ser-CGA"	"activity_GGAGAGATGCCGGAGTGGCCGAACGGGACGGATTCGAAATCCGTTGTACTG_5_tiRNA_Ser_CGA.html"
"GGGCCTCTAGCTCATGTTGGTTAGAGCAGCGGACT 5'-tiRNA-Met-CAT"	"activity_GGGCCTCTAGCTCATGTTGGTTAGAGCAGCGGACT_5_tiRNA_Met_CAT.html"
"GGTGGTTCAGTGGTAGAATGCTCGCCT i-tRF-Gly-GCC"	"activity_GGTGGTTCAGTGGTAGAATGCTCGCCT_i_tRF_Gly_GCC.html"
"GTTCAGTGGTAGAATGCTCGCCT tRNA-GLY-GCC"	"activity_GTTCAGTGGTAGAATGCTCGCCT_tRNA_GLY_GCC.html"
"TAATACTGTCAGGTAAGAATACT sme-miR-8b-3p"	"activity_TAATACTGTCAGGTAAGAATACT_sme_miR_8b_3p.html"
"TAGTATAGTGGTCAGTATCTCCGCCT i-tRF-Asp-GTC"	"activity_TAGTATAGTGGTCAGTATCTCCGCCT_i_tRF_Asp_GTC.html"
"TAGTGGTCAGTATCTCCGCCT i-tRF-Asp-GTC"	"activity_TAGTGGTCAGTATCTCCGCCT_i_tRF_Asp_GTC.html"
"TCACCGGGTAGACATTCATT sme-miR-36a-3p"	"activity_TCACCGGGTAGACATTCATT_sme_miR_36a_3p.html"
"TCACCGGGTAGACATTCATTA sme-miR-36a-3p"	"activity_TCACCGGGTAGACATTCATTA_sme_miR_36a_3p.html"
"TCAGTGGTAGAATGCTCGCCT i-tRF-Gly-GCC"	"activity_TCAGTGGTAGAATGCTCGCCT_i_tRF_Gly_GCC.html"
"TCCCTGAGATCATAATATGCCA sme-miR-125b-5p"	"activity_TCCCTGAGATCATAATATGCCA_sme_miR_125b_5p.html"
"TCCCTGAGATCATAATATGCCT sme-miR-125b-5p"	"activity_TCCCTGAGATCATAATATGCCT_sme_miR_125b_5p.html"
"TCCCTGGTGGTCTAGCGGTTAGGATTCCTGGCT 5'-tiRNA-Glu-CTC"	"activity_TCCCTGGTGGTCTAGCGGTTAGGATTCCTGGCT_5_tiRNA_Glu_CTC.html"
"TCCTCGATAGCTCAGTTGGTAGAGCGCCGGACT 5'-tiRNA-Asn-GTT"	"activity_TCCTCGATAGCTCAGTTGGTAGAGCGCCGGACT_5_tiRNA_Asn_GTT.html"
"TCGACTCCGTCTCTGGGCACC 3'-tRF-Phe-GAA"	"activity_TCGACTCCGTCTCTGGGCACC_3_tRF_Phe_GAA.html"
"TCGGTGGTTCAGTGGTAGAATGCTCGCCT i-tRF-Gly-GCC"	"activity_TCGGTGGTTCAGTGGTAGAATGCTCGCCT_i_tRF_Gly_GCC.html"
"TCTTCGATAGTATAGTGGTCAGTATCTCCGCCT 5'-tiRNA-Asp-GTC"	"activity_TCTTCGATAGTATAGTGGTCAGTATCTCCGCCT_5_tiRNA_Asp_GTC.html"
"TCTTTGGTTTTCTAGC sme-miR-9a-5p"	"activity_TCTTTGGTTTTCTAGC_sme_miR_9a_5p.html"
"TTCCCGGTCGGGGAGCC 3'-tRF-Glu-CTC"	"activity_TTCCCGGTCGGGGAGCC_3_tRF_Glu_CTC.html"
"TTTGGCACTTAAGGAATCGTCA sme-miR-96b-5p"	"activity_TTTGGCACTTAAGGAATCGTCA_sme_miR_96b_5p.html"
"TTTGGCACTTAAGGAATCGTCAC sme-miR-96b-5p"	"activity_TTTGGCACTTAAGGAATCGTCAC_sme_miR_96b_5p.html"
"TTTGGCACTTAAGGAATCGTCACA sme-miR-96b-5p"	"activity_TTTGGCACTTAAGGAATCGTCACA_sme_miR_96b_5p.html"
"TTTGGCACTTAAGGAATTGTC sme-miR-96a-5p"	"activity_TTTGGCACTTAAGGAATTGTC_sme_miR_96a_5p.html"
"TTTGGCACTTAAGGAATTGTCA sme-miR-96a-5p"	"activity_TTTGGCACTTAAGGAATTGTCA_sme_miR_96a_5p.html"
"TTTGGCACTTAAGGAATTGTCACA sme-miR-96a-5p"	"activity_TTTGGCACTTAAGGAATTGTCACA_sme_miR_96a_5p.html"
